SEQUENCE,Î¼M,label
GLPALISWIKRKRL,596.7,0
IVPFLLGMVPKLVCLITKKC,7.0,1
KLKLKLKLKLKLKLKLKLKLKLKLKL,0.3,1
ILPILSLIGGLL,180.0,0
CVKVRVKVGSGVKVRVKVC,590.0,0
SLWENFKNAGKKFILNILDKIR,128.0,0
GLFDVIKKVLKKIGGL,22.0,1
FLQHIIGALSHFF,50.0,1
FIHHIIGGLFSAGKAEHRLIRRRRR,50.1,1
GLMDTIKGVAKTVAASWLDKLKCKITGC,101.0,0
FLPLIGRVLSGIL,120.0,0
ILPILGNLLNGLL,300.0,0
HIFKKVKTYWKKLFRILGRF,15.9,1
FIGTLIPLALGALTKLFK,10.0,1
MWSKILGHLIR,200.0,0
IPCGESCVWIPCISGMFGCSCKDKVCYS,13.3,1
ILGKLLKTAAKLLSNL,38.0,1
FLPIVAKLLSGLLGRKKRRQRRR,44.65,1
SLFSIFKTAAKFVGKNLLKQAGKAGLETLACKAKNEC,75.0,1
FAKLFAKLAKKFAL,616.9,0
RLIKRLKTFVRKTWKWVGHF,94.2,1
GLPVCGETCTLGTCYTQGCTCSWPICKRN,55.3,1
GWKKWFTKGERLSQRHFA,113.3,0
ILPFKFPFFPFRR,115.1,0
IFWLFRGKADVAL,64.0,1
KFKKFKKFKKFKKFKKFK,205.3,0
HRIRQLKTTIKKFWEIWPKI,200.0,0
KLKKLLKKWLKLLKKLLK,14.0,1
KIAKGALKALKIAKVALKAL,29.7,1
KLWKKIEKLIKKLLTSIR,235.9,0
KIAGKIAKIAGKIA,181.9,0
AKRHHGYKRKFHAKRHHGYKRKFHAKRHHGYKRKFH,123.1,0
GLLSLSLLGKLL,50.0,1
GIPCAESCVWIPCTITALMGCSCKNNVCYNN,25.0,1
FLPAIAGVAAKFLPKIFCAITKKC,85.0,1
GLLSGILGAGKNIVCGLSGLC,295.0,0
IKPFKKPFKPFRR,116.7,0
VRRFPWWAPFLRR,65.0,1
RRRWWWWA,200.0,0
FLPLLLAGLPKFLCLVFKKC,29.1,1
RALRKALKAWRKLAKKLQ,300.0,0
GLWSKIKKAAKTAGKAALGFVNKMV,107.0,0
INQKKIASIGKEV,100.0,1
AGTKEWLNKAKDFIKEKGLGMLRAAANAALN,150.0,0
AVGIGALFLGFLGAAGSTMGARS,40.0,1
GIGHFLHKVKSFGKSWIGEIMNS,82.0,1
KALAKALAKLWKALAKAA,10.0,1
KFLGTLVNLAKKIL,500.0,0
LPFFLLSLIPSAISAIKKI,9.1,1
GIWDTIKSMGKVFAGLILQNL,18.0,1
